,MoKoGenerationStandTranslucentSupport
0,"
This product has held up better than I had thought it would after I had first tried it. It was easy to scratch and felt odd. But after about 2 months the case is surprisingly in good shape after all it’s been through. It fits well, was easy to put on, protects the device very well and looks good too. I like how thin the case is as well. I would buy it again if needed.
"
1,"
This MoKo case is a fantastic addition to my iPad 10th Gen. The premium PU leather exterior and soft microfiber lining provide excellent protection, while the translucent PC back shell adds a touch of elegance. I appreciate the adjustable stand feature, which offers two stable viewing angles—great for watching videos or typing. The precise cutouts ensure easy access to all ports and support Apple Pencil charging with the USB-C adapter. Plus, the auto wake/sleep function works flawlessly, helping to conserve battery life. Overall, a high-quality case that combines functionality with style.
"
2,"
I stumbled upon this hidden gem and I'm so glad I did! The products are creative and diverse. I loved the shop, so cozy, perfect! And their prices are the best. I've already recommended it to everyone I know.
"
3,"
Design makes it handy to carry my  iPad , when away from home. It is easy to clean . The folding leaf helps when working with the ipad (ie hold with one hand while using the ipad). No camera protection, but that's not an issue. When not in use simply unfold the leaf to cover the  ipad screen and its ready to carry in a bag-remenber camera is uncovered.
"
4,"
I was looking for an inexpensive ipad cover that would not be big and bulky. After scrolling for what seemed like an hour I came across this one with the words ""Best Seller"" next to it. I can definitely see why its a best seller. I like the color I chose, blue, as it matches the shade of my ipad. It has strong magnetic connections allowing me to tilt my ipad to my liking when sitting at my desk to use. Best of all, this cover is under ten dollars! A far stretch from other covers I looked at. I definitely recommend if you are looking for a simple, light ipad cover.
"
5,"
Functions perfectly just what I needed it for. Very durable and easy to use. Protects my iPad and looks very nice as well.
"
6,"
I ordered this case before purchasing the actual iPad and was very surprised with how quickly it was delivered as it was expected to arrive at a later date. Fits perfectly and very durable. I highly recommend!
"
7,"
Very slick, works as advertised. Nice quality
"
8,"
Cover molto molto buona non si rovina facilmente, è resistente ed è molto bella
"
9,"
Es una excelente opción que combina protección, estilo y funcionalidad a un precio realmente razonable. Desde que la compré, me ha sorprendido su calidad y durabilidad, lo que la hace destacar entre otras fundas del mismo rango de precio. Es la segunda que adquiero de la marca y sin duda repetiré.- La funda llegó perfectamente embalada y en óptimas condiciones, lo que garantiza que el producto esté bien protegido durante el transporte. Además, la entrega fue rápida y puntual, respetando los tiempos indicados y brindando una experiencia de compra positiva.- La funda encaja a la perfección en el iPad de 10.ª generación 2022, proporcionando un ajuste seguro y firme. Se nota que está diseñada específicamente para este modelo, ya que todas las funciones son accesibles, incluyendo el Touch ID, sin tener que forzar ni ajustar nada. También se cierra bien, manteniendo el iPad seguro en todo momento, y el sistema de encendido y apagado automático funciona a la perfección, lo cual resulta muy conveniente para el uso diario.- El diseño de la funda es elegante y minimalista. La carcasa trasera translúcida de policarbonato rígido permite mostrar el diseño original del iPad mientras ofrece una protección robusta. Además, el material es resistente al desgaste: después de un uso diario intensivo, el color se mantiene intacto y las manchas pueden limpiarse fácilmente, lo que habla de la calidad del material.- La funda es ligera pero robusta, brindando protección sin añadir peso excesivo. Es práctica para el uso diario y ofrece una excelente relación calidad-precio. Su combinación de calidad y precio la hace una opción que recomiendo al 100%.Conclusión:En resumen, la funda MoKo para iPad de 10.ª generación 2022 es una compra inteligente para quienes buscan protección y diseño sin comprometer la funcionalidad. Es resistente, fácil de limpiar, se ajusta perfectamente y el precio es razonable para todo lo que ofrece.
"
10,"
Niebieskie etui pasuje do nowego niebieskiego iPada 10. gen
"
11,"
Nickel, rien à dire
"
12,"
Ich habe diese MoKo Hülle für mein neues iPad (11. Generation) gekauft und bin total zufrieden. Die Passform ist absolut präzise – alle Tasten, Anschlüsse und vor allem Touch ID sind problemlos nutzbar. Die Hülle ist angenehm schlank, trägt kaum auf und sieht in Marineblau richtig edel aus.Die Rückseite ist transparent und aus stabilem Hartplastik – so bleibt das iPad geschützt, ohne dass das schöne Design komplett verdeckt wird. Die Vorderseite lässt sich leicht umklappen und dient gleichzeitig als stabiler Ständer, ideal zum Videoschauen, Lesen oder Arbeiten.Die Magnetabdeckung funktioniert zuverlässig und aktiviert bzw. deaktiviert automatisch das Display beim Öffnen/Schließen – praktisch und akkusparend.Fazit: Eine qualitativ hochwertige und durchdachte Hülle zu einem fairen Preis. Klare Kaufempfehlung für alle, die ihr iPad sicher und stilvoll schützen wollen!
"
